{"cameraMode":{"drawMode":0,"name":"Shaded","section":"Shading Mode"},"sceneLighting":false,"audioPlay":false,"sceneViewState":{"m_AlwaysRefresh":false,"showFog":true,"showSkybox":false,"showFlares":true,"showImageEffects":true,"showParticleSystems":true,"showVisualEffectGraphs":true,"m_FxEnabled":true},"in2DMode":false,"pivot":{"x":-6.002847194671631,"y":9.143321990966797,"z":-4.980512619018555},"rotation":{"x":0.3212064802646637,"y":0.004852397833019495,"z":-0.0016633758787065745,"w":0.9470217823982239},"size":20.066654205322267,"orthographic":false}