{"cameraMode":{"drawMode":0,"name":"Shaded","section":"Shading Mode"},"sceneLighting":false,"audioPlay":false,"sceneViewState":{"m_AlwaysRefresh":false,"showFog":true,"showSkybox":false,"showFlares":true,"showImageEffects":true,"showParticleSystems":true,"showVisualEffectGraphs":true,"m_FxEnabled":true},"in2DMode":false,"pivot":{"x":2.933469295501709,"y":3.9098453521728517,"z":2.995624542236328},"rotation":{"x":0.21538852155208589,"y":-0.12787079811096192,"z":0.028444303199648858,"w":0.9677299857139587},"size":9.068992614746094,"orthographic":false}