{"cameraMode":{"drawMode":0,"name":"Shaded","section":"Shading Mode"},"sceneLighting":false,"audioPlay":false,"sceneViewState":{"m_AlwaysRefresh":false,"showFog":true,"showSkybox":false,"showFlares":true,"showImageEffects":true,"showParticleSystems":true,"showVisualEffectGraphs":true,"m_FxEnabled":true},"in2DMode":false,"pivot":{"x":6.767019748687744,"y":-3.4407379627227785,"z":11.861079216003418},"rotation":{"x":0.12118510156869888,"y":-0.016376318410038949,"z":0.001999872038140893,"w":0.9924944639205933},"size":5.918103218078613,"orthographic":false}