{"cameraMode":{"drawMode":0,"name":"Shaded","section":"Shading Mode"},"sceneLighting":false,"audioPlay":false,"sceneViewState":{"m_AlwaysRefresh":false,"showFog":true,"showSkybox":false,"showFlares":true,"showImageEffects":true,"showParticleSystems":true,"showVisualEffectGraphs":true,"m_FxEnabled":true},"in2DMode":false,"pivot":{"x":-0.37599995732307436,"y":0.6929999589920044,"z":5.723400115966797},"rotation":{"x":-0.0898759663105011,"y":0.08266325294971466,"z":-0.007485901936888695,"w":-0.9924896955490112},"size":0.49244561791419985,"orthographic":false}