{"cameraMode":{"drawMode":0,"name":"Shaded","section":"Shading Mode"},"sceneLighting":false,"audioPlay":false,"sceneViewState":{"m_AlwaysRefresh":false,"showFog":true,"showSkybox":false,"showFlares":true,"showImageEffects":true,"showParticleSystems":true,"showVisualEffectGraphs":true,"m_FxEnabled":true},"in2DMode":false,"pivot":{"x":0.06119060516357422,"y":2.0463500022888185,"z":-0.0000438690185546875},"rotation":{"x":-0.4368358254432678,"y":-0.34187451004981997,"z":0.18403778970241548,"w":-0.8115305304527283},"size":11.803403854370118,"orthographic":false}