{"cameraMode":{"drawMode":0,"name":"Shaded","section":"Shading Mode"},"sceneLighting":false,"audioPlay":false,"sceneViewState":{"m_AlwaysRefresh":false,"showFog":true,"showSkybox":false,"showFlares":true,"showImageEffects":true,"showParticleSystems":true,"showVisualEffectGraphs":true,"m_FxEnabled":true},"in2DMode":false,"pivot":{"x":3.5796022415161135,"y":9.421416282653809,"z":0.42479896545410159},"rotation":{"x":0.3171990215778351,"y":0.014519218355417252,"z":-0.004856964107602835,"w":0.9482465386390686},"size":22.133651733398439,"orthographic":false}