{"cameraMode":{"drawMode":0,"name":"Shaded","section":"Shading Mode"},"sceneLighting":false,"audioPlay":false,"sceneViewState":{"m_AlwaysRefresh":false,"showFog":true,"showSkybox":false,"showFlares":true,"showImageEffects":true,"showParticleSystems":true,"showVisualEffectGraphs":true,"m_FxEnabled":true},"in2DMode":false,"pivot":{"x":-0.005517005920410156,"y":5.182124137878418,"z":0.4469577670097351},"rotation":{"x":0.04317742958664894,"y":-0.9528526663780212,"z":0.1634029597043991,"w":0.25239911675453188},"size":6.246882915496826,"orthographic":false}