{"cameraMode":{"drawMode":0,"name":"Shaded","section":"Shading Mode"},"sceneLighting":false,"audioPlay":false,"sceneViewState":{"m_AlwaysRefresh":false,"showFog":true,"showSkybox":false,"showFlares":true,"showImageEffects":true,"showParticleSystems":true,"showVisualEffectGraphs":true,"m_FxEnabled":true},"in2DMode":false,"pivot":{"x":5.051811218261719,"y":1.1699230670928956,"z":7.580049514770508},"rotation":{"x":0.4352447986602783,"y":-0.011629095301032067,"z":0.005537001416087151,"w":0.9003112316131592},"size":6.829929351806641,"orthographic":false}