{"cameraMode":{"drawMode":0,"name":"Shaded","section":"Shading Mode"},"sceneLighting":false,"audioPlay":false,"sceneViewState":{"m_AlwaysRefresh":false,"showFog":true,"showSkybox":false,"showFlares":true,"showImageEffects":true,"showParticleSystems":true,"showVisualEffectGraphs":true,"m_FxEnabled":true},"in2DMode":false,"pivot":{"x":4.8140869140625,"y":5.597534656524658,"z":9.241913795471192},"rotation":{"x":-0.00012099178275093436,"y":-0.986467719078064,"z":0.16457365453243257,"w":-0.0005647430079989135},"size":16.366750717163087,"orthographic":false}