{"cameraMode":{"drawMode":0,"name":"Shaded","section":"Shading Mode"},"sceneLighting":false,"audioPlay":false,"sceneViewState":{"m_AlwaysRefresh":false,"showFog":true,"showSkybox":false,"showFlares":true,"showImageEffects":true,"showParticleSystems":true,"showVisualEffectGraphs":true,"m_FxEnabled":true},"in2DMode":false,"pivot":{"x":-0.3964999318122864,"y":0.6929988861083984,"z":5.723400115966797},"rotation":{"x":0.05773194506764412,"y":-0.7112368941307068,"z":0.05880791321396828,"w":0.6981470584869385},"size":0.8313884139060974,"orthographic":false}