{"cameraMode":{"drawMode":0,"name":"Shaded","section":"Shading Mode"},"sceneLighting":false,"audioPlay":false,"sceneViewState":{"m_AlwaysRefresh":false,"showFog":true,"showSkybox":false,"showFlares":true,"showImageEffects":true,"showParticleSystems":true,"showVisualEffectGraphs":true,"m_FxEnabled":true},"in2DMode":false,"pivot":{"x":5.901015281677246,"y":9.468448638916016,"z":8.254850387573243},"rotation":{"x":0.23116469383239747,"y":0.09063027054071427,"z":-0.021631766110658647,"w":0.9684521555900574},"size":25.744823455810548,"orthographic":false}