{"cameraMode":{"drawMode":0,"name":"Shaded","section":"Shading Mode"},"sceneLighting":false,"audioPlay":false,"sceneViewState":{"m_AlwaysRefresh":false,"showFog":true,"showSkybox":false,"showFlares":true,"showImageEffects":true,"showParticleSystems":true,"showVisualEffectGraphs":true,"m_FxEnabled":true},"in2DMode":false,"pivot":{"x":-0.009935498237609864,"y":5.182124137878418,"z":0.4469577670097351},"rotation":{"x":0.13752764463424684,"y":0.7971702814102173,"z":-0.19783417880535127,"w":0.5537790060043335},"size":6.239390850067139,"orthographic":false}