{"cameraMode":{"drawMode":0,"name":"Shaded","section":"Shading Mode"},"sceneLighting":false,"audioPlay":false,"sceneViewState":{"m_AlwaysRefresh":false,"showFog":true,"showSkybox":false,"showFlares":true,"showImageEffects":true,"showParticleSystems":true,"showVisualEffectGraphs":true,"m_FxEnabled":true},"in2DMode":false,"pivot":{"x":3.5796022415161135,"y":9.421416282653809,"z":0.42479896545410159},"rotation":{"x":0.24356232583522798,"y":-0.11548210680484772,"z":0.029155602678656579,"w":0.9626286029815674},"size":11.246435165405274,"orthographic":false}