{"cameraMode":{"drawMode":0,"name":"Shaded","section":"Shading Mode"},"sceneLighting":false,"audioPlay":false,"sceneViewState":{"m_AlwaysRefresh":false,"showFog":true,"showSkybox":false,"showFlares":true,"showImageEffects":true,"showParticleSystems":true,"showVisualEffectGraphs":true,"m_FxEnabled":true},"in2DMode":false,"pivot":{"x":3.5326550006866457,"y":1.6882423162460328,"z":7.478995323181152},"rotation":{"x":0.06295948475599289,"y":0.014110117219388485,"z":-0.0008141744183376432,"w":0.9979996085166931},"size":2.080467700958252,"orthographic":false}