{"cameraMode":{"drawMode":0,"name":"Shaded","section":"Shading Mode"},"sceneLighting":false,"audioPlay":false,"sceneViewState":{"m_AlwaysRefresh":false,"showFog":true,"showSkybox":false,"showFlares":true,"showImageEffects":true,"showParticleSystems":true,"showVisualEffectGraphs":true,"m_FxEnabled":true},"in2DMode":false,"pivot":{"x":6.565760612487793,"y":2.7965826988220217,"z":4.530364990234375},"rotation":{"x":-0.03192300722002983,"y":-0.6852121949195862,"z":0.029988573864102365,"w":-0.7271421551704407},"size":1.6507400274276734,"orthographic":false}