{"cameraMode":{"drawMode":0,"name":"Shaded","section":"Shading Mode"},"sceneLighting":false,"audioPlay":false,"sceneViewState":{"m_AlwaysRefresh":false,"showFog":true,"showSkybox":false,"showFlares":true,"showImageEffects":true,"showParticleSystems":true,"showVisualEffectGraphs":true,"m_FxEnabled":true},"in2DMode":false,"pivot":{"x":6.485695838928223,"y":-0.3990379571914673,"z":5.485435485839844},"rotation":{"x":0.36065980792045596,"y":-0.013692783191800118,"z":0.005305168684571981,"w":0.9326263070106506},"size":10.265048027038575,"orthographic":false}