{"cameraMode":{"drawMode":0,"name":"Shaded","section":"Shading Mode"},"sceneLighting":false,"audioPlay":false,"sceneViewState":{"m_AlwaysRefresh":false,"showFog":true,"showSkybox":false,"showFlares":true,"showImageEffects":true,"showParticleSystems":true,"showVisualEffectGraphs":true,"m_FxEnabled":true},"in2DMode":false,"pivot":{"x":0.008363962173461914,"y":0.695408284664154,"z":0.06765985488891602},"rotation":{"x":0.05686164274811745,"y":0.06136223301291466,"z":-0.003500643651932478,"w":0.9964898228645325},"size":3.536947250366211,"orthographic":false}