{"cameraMode":{"drawMode":0,"name":"Shaded","section":"Shading Mode"},"sceneLighting":true,"audioPlay":false,"sceneViewState":{"m_AlwaysRefresh":false,"showFog":true,"showSkybox":false,"showFlares":true,"showImageEffects":true,"showParticleSystems":true,"showVisualEffectGraphs":true,"m_FxEnabled":true},"in2DMode":false,"pivot":{"x":-1.2778412103652955,"y":0.6969442963600159,"z":6.361333847045898},"rotation":{"x":-0.05711665749549866,"y":0.4292338788509369,"z":-0.027211470529437066,"w":-0.9009776711463928},"size":1.0924456119537354,"orthographic":false}