{"cameraMode":{"drawMode":0,"name":"Shaded","section":"Shading Mode"},"sceneLighting":false,"audioPlay":false,"sceneViewState":{"m_AlwaysRefresh":false,"showFog":true,"showSkybox":false,"showFlares":true,"showImageEffects":true,"showParticleSystems":true,"showVisualEffectGraphs":true,"m_FxEnabled":true},"in2DMode":false,"pivot":{"x":3.0986104011535646,"y":0.9091231822967529,"z":7.6300506591796879},"rotation":{"x":-0.044951558113098147,"y":0.04215098172426224,"z":-0.0019283732399344445,"w":-0.9982439875602722},"size":5.396049976348877,"orthographic":false}