{"cameraMode":{"drawMode":0,"name":"Shaded","section":"Shading Mode"},"sceneLighting":false,"audioPlay":false,"sceneViewState":{"m_AlwaysRefresh":false,"showFog":true,"showSkybox":false,"showFlares":true,"showImageEffects":true,"showParticleSystems":true,"showVisualEffectGraphs":true,"m_FxEnabled":true},"in2DMode":false,"pivot":{"x":4.491600036621094,"y":5.5772294998168949,"z":9.19837760925293},"rotation":{"x":0.16161960363388062,"y":0.0021507341880351307,"z":-0.000025880453904392198,"w":0.9869732856750488},"size":18.991737365722658,"orthographic":false}