{"cameraMode":{"drawMode":0,"name":"Shaded","section":"Shading Mode"},"sceneLighting":false,"audioPlay":false,"sceneViewState":{"m_AlwaysRefresh":false,"showFog":true,"showSkybox":false,"showFlares":true,"showImageEffects":true,"showParticleSystems":true,"showVisualEffectGraphs":true,"m_FxEnabled":true},"in2DMode":false,"pivot":{"x":5.024665832519531,"y":6.761302947998047,"z":9.424232482910157},"rotation":{"x":0.20288442075252534,"y":-0.015526946634054184,"z":0.003297056769952178,"w":0.9791750311851502},"size":10.518424987792969,"orthographic":false}