{"cameraMode":{"drawMode":0,"name":"Shaded","section":"Shading Mode"},"sceneLighting":false,"audioPlay":false,"sceneViewState":{"m_AlwaysRefresh":false,"showFog":true,"showSkybox":false,"showFlares":true,"showImageEffects":true,"showParticleSystems":true,"showVisualEffectGraphs":true,"m_FxEnabled":true},"in2DMode":false,"pivot":{"x":10.412871360778809,"y":12.285332679748536,"z":5.495179653167725},"rotation":{"x":-0.2727764844894409,"y":-0.015299906954169274,"z":0.0043373145163059238,"w":-0.961957573890686},"size":19.530353546142579,"orthographic":false}